<zuiprezi>
  <version>5</version>
  <zui-table>
    <settings>
      
      <autoplay>
        
        <delay>4000</delay>
        
      </autoplay>
      
      <bounds x="-296055.00082223007" y="-203192.4155643239" width="592110.0016444601" height="406384.8311286478"/>
      <aspectratio>off</aspectratio>
    </settings>
    <object id="2_20236160" type="image" x="-6.874251105180314e-12" y="1.1494215815212878e-11" r="0" s="197.37000054815337">
      <source w="3000" h="2059">
        dloixs754Z.png
        <url>dloixs754Z.png</url>
      </source>
      <sourceUrl>a001-kisszin.png</sourceUrl>
      <meta>
        <parentTemplate>under-the-surface-3D</parentTemplate>
      </meta>
    </object>
    <object id="0" type="button" x="-19076.44734519514" y="-8013.649826031997" r="0" s="208.00334526565217" class="invisible">
      <type>invisible</type>
      <size>
        <w>799.1150442477876</w>
        <h>600</h>
      </size>
      <meta>
        <parentTemplate>under-the-surface-3D</parentTemplate>
      </meta>
    </object>
    <object id="6" type="shape" x="968.1331890646325" y="-3713.773484493656" r="-24.645645579904514" s="39.34689235258478" class="line5">
      <geom type="line">
        <sp>64.69274874127522 0</sp>
        <ep>-64.69274874127524 0</ep>
        <t>8</t>
      </geom>
      <meta>
        <parentTemplate>under-the-surface-3D</parentTemplate>
      </meta>
    </object>
    <object id="7" type="shape" x="-2402.7452074676803" y="-13950.66721874181" r="140.31840893323243" s="39.34689235258478" class="line5">
      <geom type="line">
        <sp>37.18220070402962 0</sp>
        <ep>-37.18220070402961 0</ep>
        <t>8</t>
      </geom>
      <meta>
        <parentTemplate>under-the-surface-3D</parentTemplate>
      </meta>
    </object>
    <object id="16" type="shape" x="25554.972365495945" y="19334.69796597471" r="-152.61596478010406" s="907.0647414599061" class="line5">
      <geom type="line">
        <sp>18.267299182958613 0</sp>
        <ep>-18.26729918295861 0</ep>
        <t>8</t>
      </geom>
      <meta>
        <parentTemplate>under-the-surface-3D</parentTemplate>
      </meta>
    </object>
    <object id="17" type="shape" x="10507.497300361087" y="11464.20405761325" r="-152.61596478010412" s="574.9649730349304" class="line5">
      <geom type="line">
        <sp>10 0</sp>
        <ep>-10 0</ep>
        <t>8</t>
      </geom>
      <meta>
        <parentTemplate>under-the-surface-3D</parentTemplate>
      </meta>
    </object>
    <object id="17_20241747" type="persistentgroup" x="23723.303040305007" y="18779.45049592357" r="-62.90533566394774" s="169.72289849647916">
      <m o="16"/>
      <m o="17"/>
      <meta>
        <parentTemplate>under-the-surface-3D</parentTemplate>
      </meta>
    </object>
    <object id="21" type="shape" x="-10149.137354478898" y="-11577.171115107423" r="-7.641827182305263" s="21.442610905566312" class="line5">
      <geom type="line">
        <sp>-136.6002989836817 0</sp>
        <ep>136.6002989836817 0</ep>
        <t>8</t>
      </geom>
      <meta>
        <parentTemplate>under-the-surface-3D</parentTemplate>
      </meta>
    </object>
    <object id="22" type="shape" x="-6161.966024917172" y="-8020.692627775422" r="111.9969613960253" s="45.025024978424" class="line5">
      <geom type="line">
        <sp>-40.886734227130916 0</sp>
        <ep>40.886734227130916 0</ep>
        <t>8</t>
      </geom>
      <meta>
        <parentTemplate>under-the-surface-3D</parentTemplate>
      </meta>
    </object>
    <object id="24" type="shape" x="-5702.590765220499" y="3216.7028869166897" r="122.30926741110324" s="26.30711885027447" class="line5">
      <geom type="line">
        <sp>-142.40130369146672 0</sp>
        <ep>142.40130369146675 0</ep>
        <t>8</t>
      </geom>
      <meta>
        <parentTemplate>under-the-surface-3D</parentTemplate>
      </meta>
    </object>
    <object id="26" type="shape" x="-5863.090736830834" y="404.68679352223626" r="140.31068214030716" s="24.94815717783705" class="line5">
      <geom type="line">
        <sp>-64.2790289659137 0</sp>
        <ep>64.2790289659137 0</ep>
        <t>8</t>
      </geom>
      <meta>
        <parentTemplate>under-the-surface-3D</parentTemplate>
      </meta>
    </object>
    <object id="32" type="label" x="-74200.07551451528" y="-28305.612224873657" r="-0.17381949839789287" s="271.6636675522327" class="strong">
      <textfield autoSize="true">
        <x>-50</x>
        <y>-16.35</y>
        <text><![CDATA[for newbies]]></text>
        <annotations>r0-11 { align: left; }</annotations>
      </textfield>
    </object>
    <object id="33" type="label" x="-70538.30334058056" y="-49084.25709020253" r="-0.17381949839787628" s="390.8869418818207" class="head">
      <textfield autoSize="true">
        <x>-44.7</x>
        <y>-18.3</y>
        <text><![CDATA[Python]]></text>
        <annotations>r0-6 { align: left; }</annotations>
      </textfield>
    </object>
    <object id="6_20241747" type="button" x="-17619.108952158495" y="-704.431373189322" r="-62.90533566394773" s="81.38972860065915" class="invisible">
      <type>invisible</type>
      <size>
        <w>798.5650224215246</w>
        <h>600</h>
      </size>
      <meta>
        <parentTemplate>under-the-surface-3D</parentTemplate>
      </meta>
    </object>
    <object id="34" type="label" x="-26216.277131895666" y="5624.2122146118" r="-62.90533566394776" s="90.47586218079726" class="strong">
      <textfield autoSize="true">
        <x>-75.95</x>
        <y>-16.35</y>
        <text><![CDATA[C.C.H Naucalpan]]></text>
        <annotations>r0-15 { align: left; }</annotations>
      </textfield>
    </object>
    <object id="1_20241747" type="shape" x="-23470.778320267502" y="9158.666249399505" r="-148.73264907874267" s="454.93081627285756" class="line5">
      <geom type="line">
        <sp>48.74816375844707 23.41258467842182</sp>
        <ep>-48.74816375844706 23.412584678421805</ep>
        <b>46.825169356843624</b>
        <t>8</t>
      </geom>
      <meta>
        <parentTemplate>under-the-surface-3D</parentTemplate>
      </meta>
    </object>
    <object id="2_20241747" type="shape" x="-11750.97394128711" y="-10157.211518380775" r="-148.74229825877694" s="454.93081627285744" class="line5">
      <geom type="line">
        <sp>48.69491062541973 -26.284999999999982</sp>
        <ep>-48.69491062541971 -26.285</ep>
        <b>-52.569999999999986</b>
        <t>8</t>
      </geom>
      <meta>
        <parentTemplate>under-the-surface-3D</parentTemplate>
      </meta>
    </object>
    <object id="19_20241747" type="persistentgroup" x="-17619.108952158487" y="-704.4313731893271" r="-62.90533566394776" s="178.42663688091395">
      <m o="6_20241747"/>
      <m o="1_20241747"/>
      <m o="2_20241747"/>
      <meta>
        <parentTemplate>under-the-surface-3D</parentTemplate>
      </meta>
    </object>
    <object id="0_1302063" type="button" x="-5216.133938077668" y="-11730.884699823047" r="-62.905336002026765" s="9.89715057732364" class="bracket">
      <type>bracket</type>
      <size>
        <w>366.3</w>
        <h>401.55147334731265</h>
      </size>
      <meta>
        <parentTemplate>under-the-surface-3D</parentTemplate>
      </meta>
    </object>
    <object id="19" type="image" x="-5988.832314031137" y="-13276.131916485047" r="-62.905336002026765" s="2.24747753225351">
      <source w="232" h="231">
        _python.png
        <url>_python.png</url>
      </source>
      <sourceUrl>python.png</sourceUrl>
    </object>
    <object id="4" type="button" x="-4702.490066072729" y="-10425.915475437567" r="-62.905336002026765" s="1.361711039506706" class="invisible">
      <type>invisible</type>
      <size>
        <w>800</w>
        <h>965.0911337658324</h>
      </size>
    </object>
    <object id="3" type="image" x="-4668.441276520121" y="-10320.422932634052" r="-62.90533600202677" s="2.6747248436708126">
      <source w="200" h="300">
        gv.jpg
        <url>gv.jpg</url>
      </source>
      <sourceUrl>gv.jpg</sourceUrl>
    </object>
    <object id="2" type="label" x="-6569.212297417598" y="-12356.099106338392" r="-62.90533600202675" s="5.915823443097125" class="head">
      <textfield autoSize="true">
        <x>-94.15</x>
        <y>-18.3</y>
        <text><![CDATA[Que es Python?]]></text>
        <annotations>r0-14 { align: left; }</annotations>
      </textfield>
    </object>
    <object id="8" type="button" x="-14312.51700211953" y="-10877.786502059866" r="-67.39654439408328" s="2.8426085837293167" class="circle">
      <type>circle</type>
      <size>
        <w>800</w>
        <h>800</h>
      </size>
      <meta>
        <parentTemplate>under-the-surface-3D</parentTemplate>
      </meta>
    </object>
    <object id="1_1302063" type="button" x="-7401.533278058732" y="-5171.737474093974" r="-76.50533969061836" s="2.8426083534540156" class="circle">
      <type>circle</type>
      <size>
        <w>800</w>
        <h>800</h>
      </size>
      <meta>
        <parentTemplate>under-the-surface-3D</parentTemplate>
      </meta>
    </object>
    <object id="4_1302063" type="button" x="-3186.1090312739543" y="-1742.0609147387395" r="-55.20412650134622" s="9.613139742899518" class="bracket">
      <type>bracket</type>
      <size>
        <w>366.3</w>
        <h>366.3</h>
      </size>
      <meta>
        <parentTemplate>under-the-surface-3D</parentTemplate>
      </meta>
    </object>
    <object id="7_1302063" type="button" x="-8310.600709097467" y="2362.102451827299" r="-52.17006024299846" s="3.2939074701309354" class="circle">
      <type>circle</type>
      <size>
        <w>800</w>
        <h>800</h>
      </size>
      <meta>
        <parentTemplate>under-the-surface-3D</parentTemplate>
      </meta>
    </object>
    <object id="10_1302063" type="button" x="-8937.570363051304" y="7267.442616422022" r="-62.90533580578354" s="3.319942885663416" class="circle">
      <type>circle</type>
      <size>
        <w>800</w>
        <h>800</h>
      </size>
      <meta>
        <parentTemplate>under-the-surface-3D</parentTemplate>
      </meta>
    </object>
    <object id="0_704192" type="label" x="-28046.32103242224" y="-4530.2828635672795" r="-62.90533566394773" s="90.47586218079722" class="head">
      <textfield autoSize="true">
        <x>-85.1</x>
        <y>-18.3</y>
        <text><![CDATA[Victor Castillo]]></text>
        <annotations>r0-15 { align: left; }</annotations>
      </textfield>
    </object>
    <object id="10" type="button" x="-4049.457764377521" y="-11839.52728996657" r="-62.90533600202675" s="1.4316387785669464" class="invisible">
      <type>invisible</type>
      <size>
        <w>800</w>
        <h>959.2751981879954</h>
      </size>
    </object>
    <object id="9" type="image" x="-3908.037878115045" y="-11806.770006224579" r="-62.905336002026765" s="2.392995493048864">
      <source w="214" h="317">
        mp.jpg
        <url>mp.jpg</url>
      </source>
      <sourceUrl>mp.jpg</sourceUrl>
    </object>
    <object id="1_704192" type="label" x="-5828.245568292359" y="-11796.997579318828" r="-62.905336002026765" s="7.03126666781913" class="body">
      <textfield>
        <x>-163.35</x>
        <y>-85.1</y>
        <text><![CDATA[Lenguaje de programacion.Surge a principios de los 90.De alto nivel.Posee una licencia de codigo abierto denominada  Python Software Foundation License]]></text>
        <w>326.7</w>
        <h>170.2</h>
        <annotations>r0-154 { color: #318bff; }
r0-26 { bullet: true; }
r0-26 { align: left; }
r0-26 { blockIndent: 36; }
r26-56 { bullet: true; }
r26-56 { align: left; }
r26-56 { blockIndent: 36; }
r56-71 { bullet: true; }
r56-71 { align: left; }
r56-71 { blockIndent: 36; }
r71-154 { bullet: true; }
r71-154 { align: left; }
r71-154 { blockIndent: 36; }</annotations>
      </textfield>
    </object>
    <object id="37" type="button" x="-14682.846002077444" y="-10494.007994101219" r="-67.39654439408328" s="0.03408000089475106" class="invisible">
      <type>invisible</type>
      <size>
        <w>1088.9484978540772</w>
        <h>600</h>
      </size>
    </object>
    <object id="36" type="image" x="-14682.84600207744" y="-10494.00799410122" r="-67.39654439408329" s="0.01984260546225431">
      <source w="1366" h="768">
        interprete.jpg
        <url>interprete.jpg</url>
      </source>
      <sourceUrl>interprete.jpg</sourceUrl>
    </object>
    <object id="2_704192" type="label" x="-14322.367193902484" y="-10888.923819312917" r="-67.3411070076724" s="3.858946186333161" class="head">
      <textfield autoSize="true">
        <x>-91.1</x>
        <y>-18.3</y>
        <text><![CDATA[Caracteristicas]]></text>
        <annotations>r0-15 { align: left; }</annotations>
      </textfield>
    </object>
    <object id="28" type="button" x="-14856.172684912206" y="-10511.142951339643" r="-67.39654439408329" s="0.30538835460335234" class="invisible">
      <type>invisible</type>
      <size>
        <w>2301.810927672956</w>
        <h>600</h>
      </size>
    </object>
    <object id="3_704192" type="label" x="-14871.663652328101" y="-10501.392081577653" r="-67.3411070076724" s="4.3544583029143675" class="body">
      <textfield autoSize="true">
        <x>-65.05</x>
        <y>-15.85</y>
        <text><![CDATA[Interpretado]]></text>
        <annotations>r0-12 { color: #318bff; }
r0-12 { align: left; }</annotations>
      </textfield>
    </object>
    <object id="15" type="button" x="-8102.0855884720095" y="-5348.595200238271" r="-76.50533969061836" s="0.35989909494342187" class="invisible">
      <type>invisible</type>
      <size>
        <w>1605.972045743329</w>
        <h>600</h>
      </size>
    </object>
    <object id="14" type="image" x="-8098.185911836059" y="-5341.508691082618" r="-76.50533969061836" s="0.2691293110376295">
      <source w="1800" h="700">
        google.png
        <url>google.png</url>
      </source>
      <sourceUrl>google.png</sourceUrl>
    </object>
    <object id="40" type="button" x="-6901.924461552118" y="-5136.259904011053" r="-76.50533969061836" s="1.0794229017845658" class="invisible">
      <type>invisible</type>
      <size>
        <w>797.508896797153</w>
        <h>600</h>
      </size>
    </object>
    <object id="20" type="image" x="-6907.325304032878" y="-5113.775961944418" r="-76.50533969061836" s="0.17754338992687027">
      <source w="1327" h="1340">
        youtube.png
        <url>youtube.png</url>
      </source>
      <sourceUrl>youtube.png</sourceUrl>
    </object>
    <object id="72" type="button" x="-7648.180000849989" y="-4574.0439427259935" r="-76.50533969061836" s="0.5384767271866319" class="invisible">
      <type>invisible</type>
      <size>
        <w>918.9808917197452</w>
        <h>600</h>
      </size>
    </object>
    <object id="71" type="image" x="-7632.120042230961" y="-4584.023760353481" r="-76.50533969061836" s="0.34041276555479694">
      <source w="1280" h="720">
        nasa.jpg
        <url>nasa.jpg</url>
      </source>
      <sourceUrl>nasa.jpg</sourceUrl>
    </object>
    <object id="74" type="button" x="-7363.344264799542" y="-5899.187609227787" r="-76.50533969061836" s="0.6245415425212596" class="invisible">
      <type>invisible</type>
      <size>
        <w>795.8995386981036</w>
        <h>600</h>
      </size>
    </object>
    <object id="73" type="image" x="-7358.823994462386" y="-5881.752280784469" r="-76.50533969061836" s="0.30677285724859116">
      <source w="1024" h="768">
        yahoo.jpeg
        <url>yahoo.jpeg</url>
      </source>
      <sourceUrl>yahoo.jpeg</sourceUrl>
    </object>
    <object id="4_704192" type="label" x="-7502.239844250356" y="-5280.145392275614" r="-76.50533969061836" s="4.4330788507034935" class="head">
      <textfield autoSize="true">
        <x>-86.9</x>
        <y>-18.3</y>
        <text><![CDATA[Casos de Exito]]></text>
        <annotations>r0-14 { align: left; }</annotations>
      </textfield>
    </object>
    <object id="6_704192" type="label" x="-4188.94039192407" y="-2486.2660950553336" r="-54.788510583509684" s="14.122143403883898" class="head">
      <textfield autoSize="true">
        <x>-43.8</x>
        <y>-18.3</y>
        <text><![CDATA[Django]]></text>
        <annotations>r0-6 { color: #318bff; }
r0-6 { align: left; }</annotations>
      </textfield>
    </object>
    <object id="7_704192" type="label" x="-3906.498369214927" y="-2192.745340350966" r="-54.788510583509684" s="5.938792369172344" class="strong">
      <textfield autoSize="true">
        <x>-258.9</x>
        <y>-16.35</y>
        <text><![CDATA[El framework web para perfeccionistas con limites de tiempo.]]></text>
        <annotations>r0-60 { align: left; }</annotations>
      </textfield>
    </object>
    <object id="97" type="button" x="-7677.767224875013" y="1687.528455998785" r="-52.17006024299845" s="0.3366445972976663" class="invisible">
      <type>invisible</type>
      <size>
        <w>1061.5083251714004</w>
        <h>600</h>
      </size>
    </object>
    <object id="95" type="image" x="-7697.19851684383" y="1687.2349319509176" r="-52.17006024299845" s="0.3975203915605051">
      <source w="650" h="341">
        MVC.png
        <url>MVC.png</url>
      </source>
      <sourceUrl>MVC.png</sourceUrl>
    </object>
    <object id="100" type="button" x="-7483.747829234717" y="1829.1244566899768" r="-52.17006024299845" s="0.4295827078785139" class="invisible">
      <type>invisible</type>
      <size>
        <w>796.798125732136</w>
        <h>600</h>
      </size>
    </object>
    <object id="98" type="image" x="-7470.128313413672" y="1848.731863087516" r="-52.17006024299845" s="0.9153399553758199">
      <source w="256" h="197">
        mvt.jpg
        <url>mvt.jpg</url>
      </source>
      <sourceUrl>mvt.jpg</sourceUrl>
    </object>
    <object id="8_704192" type="label" x="-8340.779344197712" y="2366.214759477598" r="-52.17006024299845" s="5.02951186549663" class="head">
      <textfield autoSize="true">
        <x>-91.1</x>
        <y>-18.3</y>
        <text><![CDATA[Caracteristicas]]></text>
        <annotations>r0-15 { color: #318bff; }
r0-15 { align: left; }</annotations>
      </textfield>
    </object>
    <object id="10_704192" type="label" x="-8936.398342130075" y="7235.7787135964045" r="-62.905336002026765" s="5.029511865496626" class="head">
      <textfield autoSize="true">
        <x>-86.9</x>
        <y>-18.3</y>
        <text><![CDATA[Casos de Exito]]></text>
        <annotations>r0-14 { color: #318bff; }
r0-14 { align: left; }</annotations>
      </textfield>
    </object>
    <object id="23" type="button" x="-14703.734945270662" y="-10386.61524109121" r="-67.39654439408329" s="0.23669656618466822" class="invisible">
      <type>invisible</type>
      <size>
        <w>1598.2427914343325</w>
        <h>649</h>
      </size>
    </object>
    <object id="25" type="label" x="-14724.200562335529" y="-10352.479837680054" r="-67.39654439408329" s="0.8073201006562095" class="body">
      <textfield autoSize="true">
        <x>-150.2</x>
        <y>-29.7</y>
        <text><![CDATA[No necesita de un compilador para ejecutarse.]]></text>
        <annotations>r0-46 { color: #318bff; }
r0-30 { align: left; }
r30-46 { align: left; }</annotations>
      </textfield>
    </object>
    <object id="27" type="button" x="-14320.705271211664" y="-10876.41410708552" r="-67.39654439408328" s="0.3662099346606235" class="invisible">
      <type>invisible</type>
      <size>
        <w>1923.0184926981935</w>
        <h>420</h>
      </size>
    </object>
    <object id="30" type="button" x="-14181.154225241078" y="-10228.745675314178" r="-67.39654439408329" s="0.2826602904766877" class="invisible">
      <type>invisible</type>
      <size>
        <w>2648.6976217440542</w>
        <h>600</h>
      </size>
    </object>
    <object id="29" type="label" x="-14180.33042921999" y="-10229.734230539467" r="-67.39654439408329" s="3.8589461863331604" class="body">
      <textfield autoSize="true">
        <x>-85.15</x>
        <y>-15.85</y>
        <text><![CDATA[Tipado Dinamico]]></text>
        <annotations>r0-15 { color: #318bff; }
r0-15 { align: left; }</annotations>
      </textfield>
    </object>
    <object id="31" type="button" x="-13983.44318018241" y="-10154.274515008743" r="-67.39654439408329" s="0.27625801889171175" class="invisible">
      <type>invisible</type>
      <size>
        <w>2278.3314020857474</w>
        <h>600</h>
      </size>
    </object>
    <object id="39" type="button" x="-13854.65713783378" y="-10366.526836595045" r="-67.39654439408329" s="0.09246352987995055" class="invisible">
      <type>invisible</type>
      <size>
        <w>1504.9998571006777</w>
        <h>598.5886617361657</h>
      </size>
    </object>
    <object id="38" type="image" x="-13854.76624169007" y="-10366.484370038377" r="-67.39654439408329" s="0.17036968668085603">
      <source w="638" h="200">
        td.jpg
        <url>td.jpg</url>
      </source>
      <sourceUrl>td.jpg</sourceUrl>
    </object>
    <object id="35" type="label" x="-14006.326898385272" y="-10139.687721664579" r="-67.39654439408329" s="0.9061756231855416" class="body">
      <textfield>
        <x>-272.6</x>
        <y>-29.7</y>
        <text><![CDATA[No se necesita declarar el tipo de variable y esta puede tomar cualquier valor en el tiempo de ejecucion.]]></text>
        <w>545.2</w>
        <h>59.4</h>
        <annotations>r0-105 { color: #318bff; }
r0-105 { align: left; }</annotations>
      </textfield>
    </object>
    <object id="42" type="button" x="-13574.181316910977" y="-10603.737624108777" r="-67.39654439408329" s="0.20571066281295158" class="invisible">
      <type>invisible</type>
      <size>
        <w>4266.666666666666</w>
        <h>600</h>
      </size>
    </object>
    <object id="46" type="button" x="-13349.039701508229" y="-10841.2176055434" r="-67.39654439408329" s="0.06955792479692502" class="invisible">
      <type>invisible</type>
      <size>
        <w>1952.7851458885943</w>
        <h>653.9378490447998</h>
      </size>
    </object>
    <object id="45" type="image" x="-13352.744946445273" y="-10835.05954682741" r="-67.39654439408329" s="0.11767303118918836">
      <source w="545" h="309">
        ft.jpg
        <url>ft.jpg</url>
      </source>
      <sourceUrl>ft.jpg</sourceUrl>
    </object>
    <object id="41" type="label" x="-13584.89066518499" y="-10586.767426074573" r="-67.39654439408329" s="3.0170897212566237" class="head">
      <textfield>
        <x>-123.7</x>
        <y>-18.3</y>
        <text><![CDATA[Fuertemente Tipado]]></text>
        <annotations>r0-18 { color: #318bff; }
r0-18 { align: left; }</annotations>
      </textfield>
    </object>
    <object id="44" type="button" x="-13468.735426213025" y="-10508.836322480616" r="-67.39654439408329" s="0.08622476619388929" class="invisible">
      <type>invisible</type>
      <size>
        <w>5466.76176890157</w>
        <h>600</h>
      </size>
    </object>
    <object id="43" type="label" x="-13473.978292378068" y="-10507.420897615666" r="-67.39654439408329" s="0.8237960210777648" class="body">
      <textfield>
        <x>-270.05</x>
        <y>-29.7</y>
        <text><![CDATA[No se puede tratar a una variable diferente al tipo que es.]]></text>
        <w>540.1</w>
        <h>59.4</h>
        <annotations>r0-59 { color: #318bff; }
r0-59 { align: left; }</annotations>
      </textfield>
    </object>
    <object id="48" type="button" x="-15163.283841569988" y="-11254.865999168644" r="-67.39654439408329" s="0.3801075913977094" class="invisible">
      <type>invisible</type>
      <size>
        <w>1917.6187612748045</w>
        <h>497.927734375</h>
      </size>
    </object>
    <object id="53" type="button" x="-14797.8479266199" y="-11501.675287083544" r="-67.39654439408329" s="0.19877207156822432" class="invisible">
      <type>invisible</type>
      <size>
        <w>1813.5519801980197</w>
        <h>600</h>
      </size>
    </object>
    <object id="52" type="image" x="-14788.950929592262" y="-11481.574664169239" r="-67.39654439408329" s="0.18952307400011706">
      <source w="957" h="358">
        poo.jpg
        <url>poo.jpg</url>
      </source>
      <sourceUrl>poo.jpg</sourceUrl>
    </object>
    <object id="47" type="label" x="-15168.789566790205" y="-11252.904690147378" r="-67.39654439408329" s="3.017089721256617" class="head">
      <textfield autoSize="true">
        <x>-98.1</x>
        <y>-18.3</y>
        <text><![CDATA[Multiparadigma]]></text>
        <annotations>r0-14 { color: #318bff; }
r0-14 { align: left; }</annotations>
      </textfield>
    </object>
    <object id="50" type="button" x="-14989.133362714143" y="-11076.26702179898" r="-67.39654439408329" s="0.09839153735989214" class="invisible">
      <type>invisible</type>
      <size>
        <w>4602.803738317757</w>
        <h>600</h>
      </size>
    </object>
    <object id="56" type="button" x="-14810.699144548713" y="-11038.866682442054" r="-67.39654439408329" s="0.18763349291925926" class="invisible">
      <type>invisible</type>
      <size>
        <w>1367.263017356475</w>
        <h>600</h>
      </size>
    </object>
    <object id="55" type="image" x="-14795.535595523013" y="-11032.559719572955" r="-67.39654439408329" s="0.1879720920642664">
      <source w="634" h="308">
        pf.jpg
        <url>pf.jpg</url>
      </source>
      <sourceUrl>pf.jpg</sourceUrl>
    </object>
    <object id="49" type="label" x="-14985.921943136182" y="-11081.695077952745" r="-67.39654439408329" s="0.8237960210777652" class="body">
      <textfield>
        <x>-266.05</x>
        <y>-29.7</y>
        <text><![CDATA[Permite al programador adoptar diferentes estilos de programacion.]]></text>
        <w>532.15</w>
        <h>59.4</h>
        <annotations>r0-66 { color: #318bff; }
r0-66 { align: left; }</annotations>
      </textfield>
    </object>
    <object id="51" type="label" x="-14842.389929820372" y="-11516.753782718295" r="-67.39654439408329" s="0.8237960210777652" class="body">
      <textfield autoSize="true">
        <x>-197.55</x>
        <y>-15.85</y>
        <text><![CDATA[POO : Programacion oriendata a Objetos]]></text>
        <annotations>r0-38 { color: #318bff; }
r0-38 { align: left; }</annotations>
      </textfield>
    </object>
    <object id="54" type="label" x="-14848.704353214416" y="-11054.550323995649" r="-67.39654439408329" s="0.6709534967122296" class="body">
      <textfield autoSize="true">
        <x>-120.5</x>
        <y>-15.85</y>
        <text><![CDATA[Programacion funcional]]></text>
        <annotations>r0-22 { color: #318bff; }
r0-22 { align: left; }</annotations>
      </textfield>
    </object>
    <object id="58" type="button" x="-14368.650199638374" y="-11590.480498155728" r="-67.39654439408329" s="0.2826602904766877" class="invisible">
      <type>invisible</type>
      <size>
        <w>2648.0181200453003</w>
        <h>600</h>
      </size>
    </object>
    <object id="57" type="label" x="-14378.86527029975" y="-11598.553699162283" r="-67.39654439408329" s="3.8589461863331604" class="head">
      <textfield autoSize="true">
        <x>-83.3</x>
        <y>-18.3</y>
        <text><![CDATA[Sintaxis Clara]]></text>
        <annotations>r0-14 { color: #318bff; }
r0-14 { align: left; }</annotations>
      </textfield>
    </object>
    <object id="60" type="button" x="-14195.81779441626" y="-11511.560839336473" r="-67.39654439408329" s="0.28968945115435923" class="invisible">
      <type>invisible</type>
      <size>
        <w>1553.66269165247</w>
        <h>600</h>
      </size>
    </object>
    <object id="59" type="label" x="-14188.897907839206" y="-11515.679819441862" r="-67.39654439408329" s="0.8841859193707898" class="body">
      <textfield>
        <x>-164.65</x>
        <y>-57.4</y>
        <text><![CDATA[Codigo legible, facil de entender, facil de escribir.Caracteriza : Identacion]]></text>
        <annotations>r0-80 { color: #318bff; }
r0-36 { align: left; }
r36-55 { align: left; }
r56-80 { align: left; }</annotations>
      </textfield>
    </object>
    <object id="65" type="button" x="-13916.386184066685" y="-11398.536025244604" r="-67.39654439408329" s="0.39249991378300103" class="invisible">
      <type>invisible</type>
      <size>
        <w>1613.1200867443752</w>
        <h>600</h>
      </size>
    </object>
    <object id="63" type="image" x="-13845.704485458207" y="-11523.42350203999" r="-67.39654439408329" s="0.5275497268702677">
      <source w="532" h="263">
        if.jpg
        <url>if.jpg</url>
      </source>
      <sourceUrl>if.jpg</sourceUrl>
    </object>
    <object id="64" type="image" x="-13958.729299550077" y="-11251.900333492757" r="-67.39654439408329" s="0.5011211962526204">
      <source w="527" h="271">
        iw.jpg
        <url>iw.jpg</url>
      </source>
      <sourceUrl>iw.jpg</sourceUrl>
    </object>
    <object id="61" type="label" x="-14037.154680756696" y="-11335.927527642696" r="-67.39654439408329" s="1.1741445637101102" class="body">
      <textfield autoSize="true">
        <x>-23.95</x>
        <y>-15.85</y>
        <text><![CDATA[Bien]]></text>
        <annotations>r0-4 { color: #318bff; }
r0-4 { align: left; }</annotations>
      </textfield>
    </object>
    <object id="62" type="label" x="-13956.25791148685" y="-11530.178629412832" r="-67.39654439408329" s="1.1741445637101102" class="body">
      <textfield autoSize="true">
        <x>-20.4</x>
        <y>-15.85</y>
        <text><![CDATA[Mal]]></text>
        <annotations>r0-3 { color: #318bff; }
r0-3 { align: left; }</annotations>
      </textfield>
    </object>
    <object id="68" type="button" x="-14151.497568482278" y="-10751.69138949435" r="-67.39654439408329" s="0.30921890589617634" class="invisible">
      <type>invisible</type>
      <size>
        <w>1392.3664122137404</w>
        <h>600</h>
      </size>
    </object>
    <object id="66" type="label" x="-14231.470598283977" y="-10715.306136586672" r="-67.39654439408329" s="0.8237960210777652" class="head">
      <textfield autoSize="true">
        <x>-108.8</x>
        <y>-18.3</y>
        <text><![CDATA[Baterias Incluidas]]></text>
        <annotations>r0-18 { color: #318bff; }
r0-18 { align: left; }</annotations>
      </textfield>
    </object>
    <object id="67" type="label" x="-14121.697806060001" y="-10748.852503442353" r="-67.39654439408329" s="0.7489054737070597" class="body">
      <textfield>
        <x>-274.25</x>
        <y>-85.1</y>
        <text><![CDATA[Python es muy reconocido por tener BateriasIncluidas esto quiere decir que python ya tienevarias herramientas incluidas para el desarrollode aplicaciones. Ejemplo: Sockets, Threads, criptografiamd5 y sha1, codificacion Json, librerias matematicas etcetera.]]></text>
        <w>548.55</w>
        <h>170.2</h>
        <annotations>r0-260 { color: #318bff; }
r0-44 { align: left; }
r44-92 { align: left; }
r92-141 { align: left; }
r141-198 { align: left; }
r198-260 { align: left; }</annotations>
      </textfield>
    </object>
    <object id="1" type="label" x="-5200.390111119603" y="-10640.763066403364" r="-62.905336002026765" s="7.03126666781913" class="head">
      <textfield autoSize="true">
        <x>-53.15</x>
        <y>-18.3</y>
        <text><![CDATA[Creador:]]></text>
        <annotations>r0-8 { color: #318bff; }
r0-8 { align: left; }</annotations>
      </textfield>
    </object>
    <object id="5" type="label" x="-4459.452154438592" y="-12088.905321034645" r="-62.905336002026765" s="7.03126666781913" class="head">
      <textfield autoSize="true">
        <x>-66</x>
        <y>-18.3</y>
        <text><![CDATA[En honor a]]></text>
        <annotations>r0-10 { color: #318bff; }
r0-10 { align: left; }</annotations>
      </textfield>
    </object>
    <object id="13" type="button" x="-13702.407012161291" y="-11116.871084117238" r="-67.39654439408329" s="0.30010055251650203" class="invisible">
      <type>invisible</type>
      <size>
        <w>1570.670037926675</w>
        <h>600</h>
      </size>
    </object>
    <object id="11" type="label" x="-13737.453783476649" y="-11111.52894644605" r="-67.39654439408329" s="1.9372333336502605" class="head">
      <textfield autoSize="true">
        <x>-101</x>
        <y>-18.3</y>
        <text><![CDATA[Multiplataforma]]></text>
        <annotations>r0-15 { color: #318bff; }
r0-15 { align: left; }</annotations>
      </textfield>
    </object>
    <object id="12" type="label" x="-13660.315663697118" y="-11080.297987752963" r="-67.39654439408329" s="0.7489054737070597" class="body">
      <textfield>
        <x>-243.8</x>
        <y>-29.7</y>
        <text><![CDATA[Linux, Windows,MAC, asi como algunos sistemas operativos para celulares.]]></text>
        <w>487.6</w>
        <h>59.4</h>
        <annotations>r0-72 { color: #318bff; }
r0-72 { align: left; }</annotations>
      </textfield>
    </object>
    <object id="78" type="button" x="-2832.213537871752" y="-407.4700832494109" r="-55.204126501346224" s="1.9382437722722892" class="invisible">
      <type>invisible</type>
      <size>
        <w>629.1757264281479</w>
        <h>600</h>
      </size>
    </object>
    <object id="77" type="image" x="-2747.0915639902305" y="-351.11346605888775" r="-55.20412650134624" s="1.8630027132551557">
      <source w="500" h="335">
        adrian.holovaty.jpg
        <url>adrian.holovaty.jpg</url>
      </source>
      <sourceUrl>adrian.holovaty.jpg</sourceUrl>
    </object>
    <object id="87" type="button" x="-1940.2526612125475" y="-1703.8483930602097" r="-55.20412650134622" s="1.8042215098632022" class="invisible">
      <type>invisible</type>
      <size>
        <w>693.8842975206611</w>
        <h>600</h>
      </size>
    </object>
    <object id="86" type="image" x="-1845.7379177992698" y="-1635.9856331932842" r="-55.204126501346224" s="2.6522368867369512">
      <source w="300" h="292">
        django.jpg
        <url>django.jpg</url>
      </source>
      <sourceUrl>django.jpg</sourceUrl>
    </object>
    <object id="75" type="label" x="-3324.2604353435345" y="-1500.3556853388582" r="-55.20412650134622" s="5.938792369172343" class="body">
      <textfield autoSize="true">
        <x>-137.35</x>
        <y>-71.25</y>
        <text><![CDATA[Escrito 100% en Python.Ampliamente usado.Software Libre.Modelo MVC.ORM.]]></text>
        <annotations>r0-75 { color: #318bff; }
r0-24 { bullet: true; }
r0-24 { align: left; }
r0-24 { blockIndent: 36; }
r24-43 { bullet: true; }
r24-43 { align: left; }
r24-43 { blockIndent: 36; }
r43-59 { bullet: true; }
r43-59 { align: left; }
r43-59 { blockIndent: 36; }
r59-71 { bullet: true; }
r59-71 { align: left; }
r59-71 { blockIndent: 36; }
r71-75 { bullet: true; }
r71-75 { align: left; }
r71-75 { blockIndent: 36; }</annotations>
      </textfield>
    </object>
    <object id="76" type="label" x="-3184.5598049316814" y="-654.8521507919877" r="-55.20412650134624" s="5.938792369172342" class="head">
      <textfield autoSize="true">
        <x>-67.85</x>
        <y>-18.3</y>
        <text><![CDATA[Creado por]]></text>
        <annotations>r0-10 { color: #318bff; }
r0-10 { align: left; }</annotations>
      </textfield>
    </object>
    <object id="80" type="button" x="-4477.357121358496" y="-1163.4706209364758" r="-55.204126501346224" s="0.1448507055804875" class="invisible">
      <type>invisible</type>
      <size>
        <w>2428.4221525600833</w>
        <h>600</h>
      </size>
    </object>
    <object id="79" type="label" x="-4454.384640970851" y="-1168.3451496634307" r="-55.20412650134622" s="0.7103281958389098" class="body">
      <textfield>
        <x>-238</x>
        <y>-43.55</y>
        <text><![CDATA[Framework: Conjunto de librerias o herramientas para el desarrollo de aplicaciones mas rapido y sencillo.]]></text>
        <w>476</w>
        <h>87.1</h>
        <annotations>r0-105 { color: #318bff; }
r0-105 { align: left; }</annotations>
      </textfield>
    </object>
    <object id="81" type="label" x="-8975.313313940644" y="2870.0498331390572" r="-55.204126501346224" s="5.02951186549663" class="head">
      <textfield autoSize="true">
        <x>-30.75</x>
        <y>-18.3</y>
        <text><![CDATA[ORM]]></text>
        <annotations>r0-3 { color: #318bff; }
r0-3 { align: left; }</annotations>
      </textfield>
    </object>
    <object id="91" type="button" x="-8876.754255603435" y="1830.6507817388901" r="-52.17006024299846" s="0.9664356613417109" class="invisible">
      <type>invisible</type>
      <size>
        <w>919.4460473167918</w>
        <h>600</h>
      </size>
    </object>
    <object id="114" type="button" x="-8560.05" y="1809.5499999999975" r="-52.17006024299845" s="0.21674018518273822" class="invisible">
      <type>invisible</type>
      <size>
        <w>1564.8595689092097</w>
        <h>600</h>
      </size>
    </object>
    <object id="113" type="image" x="-8565.000000000002" y="1819.4000000000015" r="-52.17006024299845" s="0.27394653891921666">
      <source w="1097" h="374">
        _from.jpg
        <url>_from.jpg</url>
      </source>
      <sourceUrl>from.jpg</sourceUrl>
    </object>
    <object id="82" type="label" x="-8998.230639396641" y="1805.589994254282" r="-55.20412650134624" s="3.5925084753547347" class="head">
      <textfield>
        <x>-97.25</x>
        <y>-18.3</y>
        <text><![CDATA[API Formularios]]></text>
        <annotations>r0-15 { color: #318bff; }
r0-15 { align: left; }</annotations>
      </textfield>
    </object>
    <object id="96" type="button" x="-7934.307242711049" y="1633.2265071433303" r="-52.17006024299845" s="0.42215210519762847" class="invisible">
      <type>invisible</type>
      <size>
        <w>1680.8122884665452</w>
        <h>600</h>
      </size>
    </object>
    <object id="83" type="label" x="-7985.85006551655" y="1601.9368436406749" r="-55.204126501346224" s="5.02951186549663" class="head">
      <textfield>
        <x>-69.3</x>
        <y>-18.3</y>
        <text><![CDATA[MVC o MVT]]></text>
        <w>138.65</w>
        <h>36.65</h>
        <annotations>r0-9 { color: #318bff; }
r0-9 { align: right; }</annotations>
      </textfield>
    </object>
    <object id="93" type="button" x="-7675.301622872925" y="2720.439580443879" r="-52.17006024299845" s="1.203979358191596" class="invisible">
      <type>invisible</type>
      <size>
        <w>1034.1998649561108</w>
        <h>600</h>
      </size>
    </object>
    <object id="108" type="button" x="-7435.949999999999" y="2363.5499999999993" r="-52.17006024299845" s="0.21588810802013217" class="invisible">
      <type>invisible</type>
      <size>
        <w>1036.8663594470045</w>
        <h>600</h>
      </size>
    </object>
    <object id="107" type="image" x="-7440.85" y="2369.899999999998" r="-52.17006024299845" s="0.19723793240502596">
      <source w="1112" h="611">
        _html.jpg
        <url>_html.jpg</url>
      </source>
      <sourceUrl>html.jpg</sourceUrl>
    </object>
    <object id="84" type="label" x="-7812.7481110729" y="2596.4849904444727" r="-55.204126501346224" s="5.02951186549663" class="head">
      <textfield autoSize="true">
        <x>-108.2</x>
        <y>-18.3</y>
        <text><![CDATA[Sistema plantillas]]></text>
        <annotations>r0-18 { color: #318bff; }
r0-18 { align: left; }</annotations>
      </textfield>
    </object>
    <object id="85" type="label" x="-2299.4673909925696" y="-1951.1717557932116" r="-55.204126501346224" s="5.938792369172344" class="head">
      <textfield autoSize="true">
        <x>-66</x>
        <y>-18.3</y>
        <text><![CDATA[En honor a]]></text>
        <annotations>r0-10 { color: #318bff; }
r0-10 { align: left; }</annotations>
      </textfield>
    </object>
    <object id="89" type="button" x="-8858.497059826086" y="2890.390004159053" r="-52.17006024299845" s="0.5142762504707232" class="invisible">
      <type>invisible</type>
      <size>
        <w>799.0019193857967</w>
        <h>600</h>
      </size>
    </object>
    <object id="110" type="button" x="-8802.7" y="2770.5" r="-52.17006024299845" s="0.0704650401607461" class="invisible">
      <type>invisible</type>
      <size>
        <w>1087.0153846153844</w>
        <h>600</h>
      </size>
    </object>
    <object id="109" type="image" x="-8802.099999999999" y="2771.7999999999993" r="-52.17006024299843" s="0.05665115584155968">
      <source w="1303" h="616">
        models.jpg
        <url>models.jpg</url>
      </source>
      <sourceUrl>models.jpg</sourceUrl>
    </object>
    <object id="88" type="label" x="-8815.1142055513" y="2929.663521763694" r="-52.17006024299846" s="0.868643186975502" class="body">
      <textfield autoSize="true">
        <x>-219.15</x>
        <y>-71.25</y>
        <text><![CDATA[Mapeador objeto relacional:Herramienta la cual nos permiteescribir nuestras tablas de una base de datosen Python y lo convierte a codigo SQL]]></text>
        <annotations>r0-144 { color: #318bff; }
r0-28 { align: left; }
r29-61 { align: left; }
r61-107 { align: left; }
r107-144 { align: left; }</annotations>
      </textfield>
    </object>
    <object id="90" type="label" x="-8834.780316758406" y="1903.151221562115" r="-52.17006024299845" s="1.843524888940901" class="body">
      <textfield>
        <x>-174.35</x>
        <y>-43.55</y>
        <text><![CDATA[Herramienta que permite crear formularios en codigo python para luego pasarlos a codigo HTML.]]></text>
        <w>348.75</w>
        <h>87.1</h>
        <annotations>r0-93 { color: #318bff; }
r0-93 { align: left; }</annotations>
      </textfield>
    </object>
    <object id="92" type="label" x="-7564.232123159936" y="2827.517153105875" r="-52.17006024299845" s="2.2171371153242823" class="body">
      <textfield>
        <x>-174.3</x>
        <y>-57.4</y>
        <text><![CDATA[Django maneja un sistema de plantillas el cual nos permite incrustar codigo hecho en python, herencia de plantillas, etcetera.]]></text>
        <w>348.65</w>
        <h>114.8</h>
        <annotations>r0-126 { color: #318bff; }
r0-126 { align: left; }</annotations>
      </textfield>
    </object>
    <object id="94" type="label" x="-7797.119321404947" y="1589.2880339449985" r="-52.17006024299846" s="1.1740961914692725" class="body">
      <textfield autoSize="true">
        <x>-128.9</x>
        <y>-15.85</y>
        <text><![CDATA[Modelo Vista Controlador]]></text>
        <annotations>r0-24 { color: #318bff; }
r0-24 { align: left; }</annotations>
      </textfield>
    </object>
    <object id="99" type="label" x="-7564.466942398229" y="1775.4682607398336" r="-52.17006024299845" s="1.8435248889409013" class="body">
      <textfield autoSize="true">
        <x>-26</x>
        <y>-15.85</y>
        <text><![CDATA[MVT]]></text>
        <annotations>r0-3 { color: #318bff; }
r0-3 { align: left; }</annotations>
      </textfield>
    </object>
    <object id="102" type="button" x="-9340.639660852945" y="6883.256332107756" r="-52.17006024299845" s="0.5909002927836241" class="invisible">
      <type>invisible</type>
      <size>
        <w>2393.2203389830506</w>
        <h>600</h>
      </size>
    </object>
    <object id="101" type="image" x="-9365.530500112092" y="6900.045907645768" r="-52.17006024299845" s="1.1343095038493878">
      <source w="1080" h="159">
        tnt.png
        <url>tnt.png</url>
      </source>
      <sourceUrl>tnt.png</sourceUrl>
    </object>
    <object id="104" type="button" x="-8405.94168282426" y="7580.610765030928" r="-52.17006024299845" s="1.1243055790503227" class="invisible">
      <type>invisible</type>
      <size>
        <w>797.3606070603761</w>
        <h>600</h>
      </size>
    </object>
    <object id="103" type="image" x="-8359.036539975059" y="7602.683773430554" r="-52.170060242998474" s="2.482362079788221">
      <source w="234" h="215">
        instagram.jpg
        <url>instagram.jpg</url>
      </source>
      <sourceUrl>instagram.jpg</sourceUrl>
    </object>
    <object id="106" type="button" x="-9315.866231212942" y="7904.778723495598" r="-52.17006024299845" s="0.7455804070904483" class="invisible">
      <type>invisible</type>
      <size>
        <w>937.6119402985076</w>
        <h>600</h>
      </size>
    </object>
    <object id="105" type="image" x="-9332.7732163701" y="7905.189657162611" r="-52.17006024299845" s="1.7307819233858097">
      <source w="284" h="177">
        pinterest.jpg
        <url>pinterest.jpg</url>
      </source>
      <sourceUrl>pinterest.jpg</sourceUrl>
    </object>
    <object id="115" type="button" x="-18024.85" y="-7450.65" r="-67.39654439408329" s="2.091622126811639" class="circle">
      <type>circle</type>
      <size>
        <w>600.0918273645547</w>
        <h>600</h>
      </size>
    </object>
    <object id="116" type="label" x="-18245.249999999996" y="-7542.4" r="-67.39654439408329" s="3.305785123966942" class="head">
      <textfield>
        <x>-142.3</x>
        <y>-18.3</y>
        <text><![CDATA[Gracias por su atencion]]></text>
        <annotations>r0-23 { color: #318bff; }
r0-23 { align: left; }</annotations>
      </textfield>
    </object>
    <object id="117" type="label" x="-18114.954784389065" y="-7366.545476205699" r="-67.39654439408329" s="2" class="strong">
      <textfield autoSize="true">
        <x>-132.25</x>
        <y>-16.35</y>
        <text><![CDATA[Lugares para aprender Python]]></text>
        <annotations>r0-28 { align: left; }</annotations>
      </textfield>
    </object>
    <object id="118" type="label" x="-17790.88316583857" y="-7391.024700440852" r="-67.39654439408329" s="2" class="body">
      <textfield autoSize="true">
        <x>-150.6</x>
        <y>-71.25</y>
        <text><![CDATA[pythonmonk.comcodeacademy.compython.orgLibros en la web.CodigoFacilito en youtube.]]></text>
        <annotations>r0-86 { color: #318bff; }
r0-15 { bullet: true; }
r0-15 { align: left; }
r0-15 { blockIndent: 36; }
r15-31 { bullet: true; }
r15-31 { align: left; }
r15-31 { blockIndent: 36; }
r31-42 { bullet: true; }
r31-42 { align: left; }
r31-42 { blockIndent: 36; }
r42-60 { bullet: true; }
r42-60 { align: left; }
r42-60 { blockIndent: 36; }
r60-86 { bullet: true; }
r60-86 { align: left; }
r60-86 { blockIndent: 36; }</annotations>
      </textfield>
    </object>
    <object id="120" type="button" x="-17862.05" y="-7801.050000000001" r="-67.39654439408329" s="0.2447442319471026" class="invisible">
      <type>invisible</type>
      <size>
        <w>912.5208681135226</w>
        <h>600</h>
      </size>
    </object>
    <object id="119" type="label" x="-17867.665653037297" y="-7818.967341198357" r="-67.39654439408329" s="0.8481952367449697" class="body">
      <textfield>
        <x>-84</x>
        <y>-71.25</y>
        <text><![CDATA[Facebook:/MINImetalheadVictor Castillo]]></text>
        <annotations>r0-42 { color: #318bff; }
r0-10 { align: left; }
r11-26 { align: left; }
r27-42 { align: left; }</annotations>
      </textfield>
    </object>
  </zui-table>
  <background>
    <layer depth="22.307612096220076" fadescale="0.09862104426554827">
      <object id="background199074230" type="image" x="-26003.6787706307" y="-25055.739954286117" r="0" s="54.68998676263796">
        <source w="3888" h="2592">
          Z18uvohwpw.jpg
          <url>Z18uvohwpw.jpg</url>
        </source>
        <sourceUrl>a002-kicsi.jpg</sourceUrl>
      </object>
    </layer>
    <layer depth="44.61522419244015" fadescale="0.4931052213277415">
      <object id="background199074317" type="image" x="1395.791498304982" y="602.831746383595" r="0" s="116.40889991548197">
        <source w="2494" h="1664">
          c2s46m5thz.jpg
          <url>c2s46m5thz.jpg</url>
        </source>
        <sourceUrl>a003-kicsi.jpg</sourceUrl>
      </object>
    </layer>
  </background>
  <path>
    <s>
      <eagle o="0"/>
    </s>
    <s>
      <eagle o="19_20241747"/>
    </s>
    <s>
      <eagle o="0_1302063"/>
    </s>
    <s>
      <eagle o="4"/>
    </s>
    <s>
      <eagle o="10"/>
    </s>
    <s>
      <eagle o="8"/>
    </s>
    <s>
      <eagle o="27"/>
    </s>
    <s>
      <eagle o="28"/>
    </s>
    <s>
      <eagle o="23"/>
    </s>
    <s>
      <eagle o="37"/>
    </s>
    <s>
      <eagle o="30"/>
    </s>
    <s>
      <eagle o="31"/>
    </s>
    <s>
      <eagle o="39"/>
    </s>
    <s>
      <eagle o="42"/>
    </s>
    <s>
      <eagle o="44"/>
    </s>
    <s>
      <eagle o="46"/>
    </s>
    <s>
      <eagle o="48"/>
    </s>
    <s>
      <eagle o="50"/>
    </s>
    <s>
      <eagle o="53"/>
    </s>
    <s>
      <eagle o="56"/>
    </s>
    <s>
      <eagle o="58"/>
    </s>
    <s>
      <eagle o="60"/>
    </s>
    <s>
      <eagle o="65"/>
    </s>
    <s>
      <eagle o="68"/>
    </s>
    <s>
      <eagle o="13"/>
    </s>
    <s>
      <eagle o="1_1302063"/>
    </s>
    <s>
      <eagle o="15"/>
    </s>
    <s>
      <eagle o="72"/>
    </s>
    <s>
      <eagle o="40"/>
    </s>
    <s>
      <eagle o="74"/>
    </s>
    <s>
      <eagle o="4_1302063"/>
    </s>
    <s>
      <eagle o="80"/>
    </s>
    <s>
      <eagle o="78"/>
    </s>
    <s>
      <eagle o="87"/>
    </s>
    <s>
      <eagle o="7_1302063"/>
    </s>
    <s>
      <eagle o="89"/>
    </s>
    <s>
      <eagle o="110"/>
    </s>
    <s>
      <eagle o="91"/>
    </s>
    <s>
      <eagle o="114"/>
    </s>
    <s>
      <eagle o="93"/>
    </s>
    <s>
      <eagle o="108"/>
    </s>
    <s>
      <eagle o="96"/>
    </s>
    <s>
      <eagle o="97"/>
    </s>
    <s>
      <eagle o="100"/>
    </s>
    <s>
      <eagle o="10_1302063"/>
    </s>
    <s>
      <eagle o="102"/>
    </s>
    <s>
      <eagle o="104"/>
    </s>
    <s>
      <eagle o="106"/>
    </s>
    <s>
      <eagle o="115"/>
    </s>
    <s>
      <eagle o="120"/>
    </s>
  </path>
  <style type="text/css"><![CDATA[
@font-face
{
	src: url('OpenSans-Bold.swf');
	fontFamily: head;
}

@font-face
{
	src: url('DancingScript.swf');
	fontFamily: strong;
}

@font-face
{
	src: url('GentiumBasic.swf');
	fontFamily: body;
}

ZLabel
{
	padding: 1.2;
}

ZLabel.head
{
	fontFamily: head;
	color: #640f1e;
}

.line5
{
	gradEndColor: #000723;
	gradStartColor: #000723;
	color: #000723;
}

.poly5
{
	borderColor: #000723;
	borderThickness: 9;
	gradEndColor: #fff;
	borderAlpha: 1;
	radius: 0;
	gradStartColor: #fff;
	thickness: 100;
}

ZLabel.strong
{
	fontFamily: strong;
	color: #194a99;
}

.line1
{
	gradEndColor: #fa4747;
	gradStartColor: #fa4747;
	color: #fa4747;
}

.poly1
{
	borderColor: #fa4747;
	borderThickness: 9;
	gradEndColor: #fff;
	radius: 0;
	gradStartColor: #fff;
	thickness: 100;
}

ZLabel.body
{
	fontFamily: body;
	color: #000723;
}

Background
{
	gradStart: #e7e5e3;
	gradEnd: #e7e5e3;
}

Grid
{
	color: #abaaa8;
}

ZFrame.circle
{
	gradEndColor: #318bff;
	gradEndAlpha: 0.5;
	gradStartAlpha: 0.3;
	gradStartColor: #318bff;
	thickness: 8;
}

.line4
{
	alpha: 1;
	gradEndColor: #e0c81c;
	borderThickness: 0;
	color: #e0c81c;
	gradStartColor: #e0c81c;
}

.poly4
{
	borderColor: #318bff;
	borderThickness: 0;
	gradEndColor: #318bff;
	borderAlpha: 1;
	radius: 0;
	gradStartColor: #318bff;
	thickness: 100;
}

ZFrame.bracket
{
	borderColor: #fa4747;
	gradEndAlpha: 0.7;
	borderThickness: 1;
	gradEndColor: #fa4747;
	gradStartAlpha: 0.6;
	borderAlpha: 0.5;
	gradStartColor: #fa4747;
	thickness: 10;
}

.line2
{
	alpha: 1;
	gradEndColor: #640f1e;
	borderThickness: 0;
	color: #640f1e;
	gradStartColor: #640f1e;
}

.poly2
{
	borderColor: #fa4747;
	borderThickness: 0;
	gradEndColor: #fa4747;
	radius: 0;
	gradStartColor: #fa4747;
	thickness: 100;
}

ZFrame.roundrect
{
	borderColor: #640f1e;
	borderThickness: 1;
	color: #fff;
	gradEndColor: #e0c81c;
	gradStartAlpha: 0.5;
	radius: 16;
	borderAlpha: 0.2;
	gradStartColor: #e0c81c;
	alpha: 0;
}

ZPoly
{
	borderColor: #318bff;
	borderThickness: 2;
	radius: 0;
	borderAlpha: 1;
	gradEndColor: #318bff;
	gradEndAlpha: 1;
	gradStartAlpha: 1;
	lockTintAlpha: 0;
	gradStartColor: #318bff;
	thickness: 100;
}

ZCircle
{
	borderColor: #288acc;
	borderThickness: 0;
	radius: 0;
	borderAlpha: 1;
	gradEndColor: #288acc;
	gradEndAlpha: 1;
	gradStartAlpha: 1;
	lockTintAlpha: 0;
	gradStartColor: #288acc;
	thickness: 100;
}

ZArrow
{
	borderColor: #fff;
	borderThickness: 0;
	color: #288acc;
	alpha: 1;
	lockTintAlpha: 0;
	borderAlpha: 0;
	thickness: 8;
}

.line3
{
	gradEndColor: #318bff;
	gradStartColor: #318bff;
	color: #318bff;
}

.poly3
{
	gradEndColor: #fff;
	borderColor: #318bff;
	borderThickness: 9;
	gradStartColor: #fff;
}

ZLine
{
	lockTintAlpha: 0;
	color: #7a8082;
	alpha: 1;
}

ZCurveLine
{
	thickness: 0;
	color: #318bff;
	alpha: 1;
}

ZMarker
{
	thickness: 25;
	color: #288acc;
	alpha: 0.3;
}

ZVideo
{
	padding: 1.2;
}

ZFrame.invisible
{
	borderColor: #5aa7cb;
	gradEndAlpha: 0.3;
	borderAlpha: 0.6;
	gradEndColor: #000;
	gradStartAlpha: 0.02;
	radius: 0;
	gradStartColor: #000;
}

]]></style>
  <hash>-5c9f440</hash>
  <sync>
    <oid>UNKNOWN</oid>
    <hash>UNKNOWN</hash>
  </sync>
  <config>0xwYlNrZzzZ5TgAbC6UBdQwmnCJDw1Cm3g==</config>
</zuiprezi>